Workbook

Sheet Customer
A1: ID | B1: Year_Birth | C1: Education | D1: Marital_Status | E1: Income | F1: Income (K) | G1: Kidhome | H1: Teenhome | I1: Dt_Customer | J1: Recency | K1: MntFruits | L1: MntSweetProducts | M1: NumWebPurchases | N1: NumStorePurchases | O1: Age | P1: Total Amount | Q1: Total Purchases | R1: Total Kids
A2: 5524 | B2: 1957 | C2: Graduation | D2: Single | E2: 58138 | F2: =E2/1000 -> 58.138 | G2: 0 | H2: 0 | I2: 41156 | J2: 58 | K2: {=VLOOKUP(A2,Sales!$A$1:$E$2241,{2,3,4,5},0)} -> 88 | L2: 88 | M2: 8 | N2: 4 | O2: =2025-B2 -> 68 | P2: =K2+L2 -> 176 | Q2: =M2+N2 -> 12 | R2: =G2+H2 -> 0
A3: 2174 | B3: 1954 | C3: Graduation | D3: Single | E3: 46344 | F3: =E3/1000 -> 46.344 | G3: 1 | H3: 1 | I3: 41706 | J3: 38 | K3: {=VLOOKUP(A3,Sales!$A$1:$E$2241,{2,3,4,5},0)} -> 1 | L3: 1 | M3: 1 | N3: 2 | O3: =2025-B3 -> 71 | P3: =K3+L3 -> 2 | Q3: =M3+N3 -> 3 | R3: =G3+H3 -> 2
A4: 4141 | B4: 1965 | C4: Graduation | D4: Together | E4: 71613 | F4: =E4/1000 -> 71.613 | G4: 0 | H4: 0 | I4: 41507 | J4: 26 | K4: {=VLOOKUP(A4,Sales!$A$1:$E$2241,{2,3,4,5},0)} -> 49 | L4: 21 | M4: 8 | N4: 10 | O4: =2025-B4 -> 60 | P4: =K4+L4 -> 70 | Q4: =M4+N4 -> 18 | R4: =G4+H4 -> 0
A5: 6182 | B5: 1984 | C5: Graduation | D5: Together | E5: 26646 | F5: =E5/1000 -> 26.646 | G5: 1 | H5: 0 | I5: 41680 | J5: 26 | K5: {=VLOOKUP(A5,Sales!$A$1:$E$2241,{2,3,4,5},0)} -> 4 | L5: 3 | M5: 2 | N5: 4 | O5: =2025-B5 -> 41 | P5: =K5+L5 -> 7 | Q5: =M5+N5 -> 6 | R5: =G5+H5 -> 1
A6: 5324 | B6: 1981 | C6: PhD | D6: Married | E6: 58293 | F6: =E6/1000 -> 58.293 | G6: 1 | H6: 0 | I6: 41658 | J6: 94 | K6: {=VLOOKUP(A6,Sales!$A$1:$E$2241,{2,3,4,5},0)} -> 43 | L6: 27 | M6: 5 | N6: 6 | O6: =2025-B6 -> 44 | P6: =K6+L6 -> 70 | Q6: =M6+N6 -> 11 | R6: =G6+H6 -> 1
A7: 7446 | B7: 1967 | C7: Master | D7: Together | E7: 62513 | F7: =E7/1000 -> 62.513 | G7: 0 | H7: 1 | I7: 41526 | J7: 16 | K7: {=VLOOKUP(A7,Sales!$A$1:$E$2241,{2,3,4,5},0)} -> 42 | L7: 42 | M7: 6 | N7: 10 | O7: =2025-B7 -> 58 | P7: =K7+L7 -> 84 | Q7: =M7+N7 -> 16 | R7: =G7+H7 -> 1
A8: 965 | B8: 1971 | C8: Graduation | D8: Divorced | E8: 55635 | F8: =E8/1000 -> 55.635 | G8: 0 | H8: 1 | I8: 41226 | J8: 34 | K8: {=VLOOKUP(A8,Sales!$A$1:$E$2241,{2,3,4,5},0)} -> 65 | L8: 49 | M8: 7 | N8: 7 | O8: =2025-B8 -> 54 | P8: =K8+L8 -> 114 | Q8: =M8+N8 -> 14 | R8: =G8+H8 -> 1
A9: 6177 | B9: 1985 | C9: PhD | D9: Married | E9: 33454 | F9: =E9/1000 -> 33.454 | G9: 1 | H9: 0 | I9: 41402 | J9: 32 | K9: {=VLOOKUP(A9,Sales!$A$1:$E$2241,{2,3,4,5},0)} -> 10 | L9: 1 | M9: 4 | N9: 4 | O9: =2025-B9 -> 40 | P9: =K9+L9 -> 11 | Q9: =M9+N9 -> 8 | R9: =G9+H9 -> 1
A10: 4855 | B10: 1974 | C10: PhD | D10: Together | E10: 30351 | F10: =E10/1000 -> 30.351 | G10: 1 | H10: 0 | I10: 41431 | J10: 19 | K10: {=VLOOKUP(A10,Sales!$A$1:$E$2241,{2,3,4,5},0)} -> 0 | L10: 3 | M10: 3 | N10: 2 | O10: =2025-B10 -> 51 | P10: =K10+L10 -> 3 | Q10: =M10+N10 -> 5 | R10: =G10+H10 -> 1
A11: 5899 | B11: 1950 | C11: PhD | D11: Together | E11: 5648 | F11: =E11/1000 -> 5.648 | G11: 1 | H11: 1 | I11: 41711 | J11: 68 | K11: {=VLOOKUP(A11,Sales!$A$1:$E$2241,{2,3,4,5},0)} -> 0 | L11: 1 | M11: 1 | N11: 0 | O11: =2025-B11 -> 75 | P11: =K11+L11 -> 1 | Q11: =M11+N11 -> 1 | R11: =G11+H11 -> 2
A12: 1994 | B12: 1983 | C12: Graduation | D12: Married | E12: ='Missing Values'!$F$5 -> 51381.5 | F12: =E12/1000 -> 51.3815 | G12: 1 | H12: 0 | I12: 41593 | J12: 11 | K12: {=VLOOKUP(A12,Sales!$A$1:$E$2241,{2,3,4,5},0)} -> 5 | L12: 2 | M12: 1 | N12: 2 | O12: =2025-B12 -> 42 | P12: =K12+L12 -> 7 | Q12: =M12+N12 -> 3 | R12: =G12+H12 -> 1
A13: 387 | B13: 1976 | C13: Basic | D13: Married | E13: 7500 | F13: =E13/1000 -> 7.5 | G13: 0 | H13: 0 | I13: 41226 | J13: 59 | K13: {=VLOOKUP(A13,Sales!$A$1:$E$2241,{2,3,4,5},0)} -> 16 | L13: 1 | M13: 2 | N13: 3 | O13: =2025-B13 -> 49 | P13: =K13+L13 -> 17 | Q13: =M13+N13 -> 5 | R13: =G13+H13 -> 0
A14: 2125 | B14: 1959 | C14: Graduation | D14: Divorced | E14: 63033 | F14: =E14/1000 -> 63.033 | G14: 0 | H14: 0 | I14: 41593 | J14: 82 | K14: {=VLOOKUP(A14,Sales!$A$1:$E$2241,{2,3,4,5},0)} -> 61 | L14: 112 | M14: 3 | N14: 8 | O14: =2025-B14 -> 66 | P14: =K14+L14 -> 173 | Q14: =M14+N14 -> 11 | R14: =G14+H14 -> 0
A15: 8180 | B15: 1952 | C15: Master | D15: Divorced | E15: 59354 | F15: =E15/1000 -> 59.354 | G15: 1 | H15: 1 | I15: 41593 | J15: 53 | K15: {=VLOOKUP(A15,Sales!$A$1:$E$2241,{2,3,4,5},0)} -> 2 | L15: 5 | M15: 6 | N15: 5 | O15: =2025-B15 -> 73 | P15: =K15+L15 -> 7 | Q15: =M15+N15 -> 11 | R15: =G15+H15 -> 2
A16: 2569 | B16: 1987 | C16: Graduation | D16: Married | E16: 17323 | F16: =E16/1000 -> 17.323 | G16: 0 | H16: 0 | I16: 41192 | J16: 38 | K16: {=VLOOKUP(A16,Sales!$A$1:$E$2241,{2,3,4,5},0)} -> 14 | L16: 1 | M16: 1 | N16: 3 | O16: =2025-B16 -> 38 | P16: =K16+L16 -> 15 | Q16: =M16+N16 -> 4 | R16: =G16+H16 -> 0
A17: 2114 | B17: 1946 | C17: PhD | D17: Single | E17: 82800 | F17: =E17/1000 -> 82.8 | G17: 0 | H17: 0 | I17: 41237 | J17: 23 | K17: {=VLOOKUP(A17,Sales!$A$1:$E$2241,{2,3,4,5},0)} -> 22 | L17: 68 | M17: 7 | N17: 12 | O17: =2025-B17 -> 79 | P17: =K17+L17 -> 90 | Q17: =M17+N17 -> 19 | R17: =G17+H17 -> 0
A18: 9736 | B18: 1980 | C18: Graduation | D18: Married | E18: 41850 | F18: =E18/1000 -> 41.85 | G18: 1 | H18: 1 | I18: 41267 | J18: 51 | K18: {=VLOOKUP(A18,Sales!$A$1:$E$2241,{2,3,4,5},0)} -> 5 | L18: 13 | M18: 3 | N18: 3 | O18: =2025-B18 -> 45 | P18: =K18+L18 -> 18 | Q18: =M18+N18 -> 6 | R18: =G18+H18 -> 2
A19: 4939 | B19: 1946 | C19: Graduation | D19: Together | E19: 37760 | F19: =E19/1000 -> 37.76 | G19: 0 | H19: 0 | I19: 41152 | J19: 20 | K19: {=VLOOKUP(A19,Sales!$A$1:$E$2241,{2,3,4,5},0)} -> 5 | L19: 12 | M19: 4 | N19: 6 | O19: =2025-B19 -> 79 | P19: =K19+L19 -> 17 | Q19: =M19+N19 -> 10 | R19: =G19+H19 -> 0
A20: 6565 | B20: 1949 | C20: Master | D20: Married | E20: 76995 | F20: =E20/1000 -> 76.995 | G20: 0 | H20: 1 | I20: 41361 | J20: 91 | K20: {=VLOOKUP(A20,Sales!$A$1:$E$2241,{2,3,4,5},0)} -> 80 | L20: 16 | M20: 11 | N20: 9 | O20: =2025-B20 -> 76 | P20: =K20+L20 -> 96 | Q20: =M20+N20 -> 20 | R20: =G20+H20 -> 1
A21: 2278 | B21: 1985 | C21: 2n Cycle | D21: Single | E21: 33812 | F21: =E21/1000 -> 33.812 | G21: 1 | H21: 0 | I21: 41216 | J21: 86 | K21: {=VLOOKUP(A21,Sales!$A$1:$E$2241,{2,3,4,5},0)} -> 17 | L21: 24 | M21: 2 | N21: 3 | O21: =2025-B21 -> 40 | P21: =K21+L21 -> 41 | Q21: =M21+N21 -> 5 | R21: =G21+H21 -> 1
A22: 9360 | B22: 1982 | C22: Graduation | D22: Married | E22: 37040 | F22: =E22/1000 -> 37.04 | G22: 0 | H22: 0 | I22: 41129 | J22: 41 | K22: {=VLOOKUP(A22,Sales!$A$1:$E$2241,{2,3,4,5},0)} -> 2 | L22: 38 | M22: 4 | N22: 5 | O22: =2025-B22 -> 43 | P22: =K22+L22 -> 40 | Q22: =M22+N22 -> 9 | R22: =G22+H22 -> 0
A23: 5376 | B23: 1979 | C23: Graduation | D23: Married | E23: 2447 | F23: =E23/1000 -> 2.447 | G23: 1 | H23: 0 | I23: 41280 | J23: 42 | K23: {=VLOOKUP(A23,Sales!$A$1:$E$2241,{2,3,4,5},0)} -> 1 | L23: 1 | M23: 0 | N23: 0 | O23: =2025-B23 -> 46 | P23: =K23+L23 -> 2 | Q23: =M23+N23 -> 0 | R23: =G23+H23 -> 1
A24: 1993 | B24: 1949 | C24: PhD | D24: Married | E24: 58607 | F24: =E24/1000 -> 58.607 | G24: 0 | H24: 1 | I24: 41266 | J24: 63 | K24: {=VLOOKUP(A24,Sales!$A$1:$E$2241,{2,3,4,5},0)} -> 0 | L24: 0 | M24: 2 | N24: 9 | O24: =2025-B24 -> 76 | P24: =K24+L24 -> 0 | Q24: =M24+N24 -> 11 | R24: =G24+H24 -> 1
... A28: 2404 | B28: 1976 | C28: Graduation | D28: Married | E28: 53359 | F28: =E28/1000 -> 53.359 | G28: 1 | H28: 1 | I28: 41421 | J28: 4 | K28: {=VLOOKUP(A28,Sales!$A$1:$E$2241,{2,3,4,5},0)} -> 4 | L28: 6 | M28: 5 | N28: 4 | O28: =2025-B28 -> 49 | P28: =K28+L28 -> 10 | Q28: =M28+N28 -> 9 | R28: =G28+H28 -> 2
A29: 5255 | B29: 1986 | C29: Graduation | D29: Single | E29: ='Missing Values'!$F$5 -> 51381.5 | F29: =E29/1000 -> 51.3815 | G29: 1 | H29: 0 | I29: 41325 | J29: 19 | K29: {=VLOOKUP(A29,Sales!$A$1:$E$2241,{2,3,4,5},0)} -> 1 | L29: 263 | M29: 27 | N29: 0 | O29: =2025-B29 -> 39 | P29: =K29+L29 -> 264 | Q29: =M29+N29 -> 27 | R29: =G29+H29 -> 1
A30: 9422 | B30: 1989 | C30: Graduation | D30: Married | E30: 38360 | F30: =E30/1000 -> 38.36 | G30: 1 | H30: 0 | I30: 41425 | J30: 26 | K30: {=VLOOKUP(A30,Sales!$A$1:$E$2241,{2,3,4,5},0)} -> 2 | L30: 21 | M30: 2 | N30: 4 | O30: =2025-B30 -> 36 | P30: =K30+L30 -> 23 | Q30: =M30+N30 -> 6 | R30: =G30+H30 -> 1
A31: 1966 | B31: 1965 | C31: PhD | D31: Married | E31: 84618 | F31: =E31/1000 -> 84.618 | G31: 0 | H31: 0 | I31: 41600 | J31: 96 | K31: {=VLOOKUP(A31,Sales!$A$1:$E$2241,{2,3,4,5},0)} -> 100 | L31: 66 | M31: 6 | N31: 10 | O31: =2025-B31 -> 60 | P31: =K31+L31 -> 166 | Q31: =M31+N31 -> 16 | R31: =G31+H31 -> 0
A32: 6864 | B32: 1989 | C32: Master | D32: Divorced | E32: 10979 | F32: =E32/1000 -> 10.979 | G32: 0 | H32: 0 | I32: 41781 | J32: 34 | K32: {=VLOOKUP(A32,Sales!$A$1:$E$2241,{2,3,4,5},0)} -> 4 | L32: 2 | M32: 3 | N32: 3 | O32: =2025-B32 -> 36 | P32: =K32+L32 -> 6 | Q32: =M32+N32 -> 6 | R32: =G32+H32 -> 0
A33: 3033 | B33: 1963 | C33: Master | D33: Together | E33: 38620 | F33: =E33/1000 -> 38.62 | G33: 0 | H33: 0 | I33: 41405 | J33: 56 | K33: {=VLOOKUP(A33,Sales!$A$1:$E$2241,{2,3,4,5},0)} -> 17 | L33: 22 | M33: 2 | N33: 3 | O33: =2025-B33 -> 62 | P33: =K33+L33 -> 39 | Q33: =M33+N33 -> 5 | R33: =G33+H33 -> 0
A34: 5710 | B34: 1970 | C34: Graduation | D34: Together | E34: 40548 | F34: =E34/1000 -> 40.548 | G34: 0 | H34: 1 | I34: 41192 | J34: 31 | K34: {=VLOOKUP(A34,Sales!$A$1:$E$2241,{2,3,4,5},0)} -> 0 | L34: 0 | M34: 2 | N34: 4 | O34: =2025-B34 -> 55 | P34: =K34+L34 -> 0 | Q34: =M34+N34 -> 6 | R34: =G34+H34 -> 1
A35: 7373 | B35: 1952 | C35: PhD | D35: Divorced | E35: 46610 | F35: =E35/1000 -> 46.61 | G35: 0 | H35: 2 | I35: 41211 | J35: 8 | K35: {=VLOOKUP(A35,Sales!$A$1:$E$2241,{2,3,4,5},0)} -> 12 | L35: 22 | M35: 4 | N35: 6 | O35: =2025-B35 -> 73 | P35: =K35+L35 -> 34 | Q35: =M35+N35 -> 10 | R35: =G35+H35 -> 2
A36: 8755 | B36: 1946 | C36: Master | D36: Married | E36: 68657 | F36: =E36/1000 -> 68.657 | G36: 0 | H36: 0 | I36: 41325 | J36: 4 | K36: {=VLOOKUP(A36,Sales!$A$1:$E$2241,{2,3,4,5},0)} -> 34 | L36: 68 | M36: 3 | N36: 9 | O36: =2025-B36 -> 79 | P36: =K36+L36 -> 102 | Q36: =M36+N36 -> 12 | R36: =G36+H36 -> 0
A37: 10738 | B37: 1951 | C37: Master | D37: Single | E37: 49389 | F37: =E37/1000 -> 49.389 | G37: 1 | H37: 1 | I37: 41515 | J37: 55 | K37: {=VLOOKUP(A37,Sales!$A$1:$E$2241,{2,3,4,5},0)} -> 0 | L37: 1 | M37: 2 | N37: 3 | O37: =2025-B37 -> 74 | P37: =K37+L37 -> 1 | Q37: =M37+N37 -> 5 | R37: =G37+H37 -> 2
A38: 4339 | B38: 1970 | C38: PhD | D38: Married | E38: 67353 | F38: =E38/1000 -> 67.353 | G38: 0 | H38: 1 | I38: 41639 | J38: 37 | K38: {=VLOOKUP(A38,Sales!$A$1:$E$2241,{2,3,4,5},0)} -> 17 | L38: 8 | M38: 5 | N38: 12 | O38: =2025-B38 -> 55 | P38: =K38+L38 -> 25 | Q38: =M38+N38 -> 17 | R38: =G38+H38 -> 1
A39: 10755 | B39: 1976 | C39: 2n Cycle | D39: Married | E39: 23718 | F39: =E39/1000 -> 23.718 | G39: 1 | H39: 0 | I39: 41519 | J39: 76 | K39: {=VLOOKUP(A39,Sales!$A$1:$E$2241,{2,3,4,5},0)} -> 3 | L39: 7 | M39: 3 | N39: 2 | O39: =2025-B39 -> 49 | P39: =K39+L39 -> 10 | Q39: =M39+N39 -> 5 | R39: =G39+H39 -> 1
A40: 8595 | B40: 1973 | C40: Graduation | D40: Widow | E40: 42429 | F40: =E40/1000 -> 42.429 | G40: 0 | H40: 1 | I40: 41681 | J40: 99 | K40: {=VLOOKUP(A40,Sales!$A$1:$E$2241,{2,3,4,5},0)} -> 0 | L40: 0 | M40: 1 | N40: 3 | O40: =2025-B40 -> 52 | P40: =K40+L40 -> 0 | Q40: =M40+N40 -> 4 | R40: =G40+H40 -> 1
A41: 2968 | B41: 1943 | C41: PhD | D41: Divorced | E41: 48948 | F41: =E41/1000 -> 48.948 | G41: 0 | H41: 0 | I41: 41306 | J41: 53 | K41: {=VLOOKUP(A41,Sales!$A$1:$E$2241,{2,3,4,5},0)} -> 8 | L41: 49 | M41: 7 | N41: 5 | O41: =2025-B41 -> 82 | P41: =K41+L41 -> 57 | Q41: =M41+N41 -> 12 | R41: =G41+H41 -> 0
... A44: 8430 | B44: 1957 | C44: Graduation | D44: Together | E44: 21994 | F44: =E44/1000 -> 21.994 | G44: 0 | H44: 1 | I44: 41267 | J44: 4 | K44: {=VLOOKUP(A44,Sales!$A$1:$E$2241,{2,3,4,5},0)} -> 0 | L44: 1 | M44: 0 | N44: 3 | O44: =2025-B44 -> 68 | P44: =K44+L44 -> 1 | Q44: =M44+N44 -> 3 | R44: =G44+H44 -> 1
A45: 7281 | B45: 1959 | C45: PhD | D45: Single | E45: ='Missing Values'!$F$5 -> 51381.5 | F45: =E45/1000 -> 51.3815 | G45: 0 | H45: 0 | I45: 41583 | J45: 80 | K45: {=VLOOKUP(A45,Sales!$A$1:$E$2241,{2,3,4,5},0)} -> 11 | L45: 2 | M45: 1 | N45: 4 | O45: =2025-B45 -> 66 | P45: =K45+L45 -> 13 | Q45: =M45+N45 -> 5 | R45: =G45+H45 -> 0
A46: 2139 | B46: 1975 | C46: Master | D46: Married | E46: 7500 | F46: =E46/1000 -> 7.5 | G46: 1 | H46: 0 | I46: 41549 | J46: 19 | K46: {=VLOOKUP(A46,Sales!$A$1:$E$2241,{2,3,4,5},0)} -> 1 | L46: 2 | M46: 2 | N46: 3 | O46: =2025-B46 -> 50 | P46: =K46+L46 -> 3 | Q46: =M46+N46 -> 5 | R46: =G46+H46 -> 1
A47: 1371 | B47: 1976 | C47: Graduation | D47: Single | E47: 79941 | F47: =E47/1000 -> 79.941 | G47: 0 | H47: 0 | I47: 41818 | J47: 72 | K47: {=VLOOKUP(A47,Sales!$A$1:$E$2241,{2,3,4,5},0)} -> 164 | L47: 30 | M47: 2 | N47: 9 | O47: =2025-B47 -> 49 | P47: =K47+L47 -> 194 | Q47: =M47+N47 -> 11 | R47: =G47+H47 -> 0
A48: 9909 | B48: 1996 | C48: 2n Cycle | D48: Married | E48: 7500 | F48: =E48/1000 -> 7.5 | G48: 0 | H48: 0 | I48: 41222 | J48: 24 | K48: {=VLOOKUP(A48,Sales!$A$1:$E$2241,{2,3,4,5},0)} -> 18 | L48: 22 | M48: 3 | N48: 3 | O48: =2025-B48 -> 29 | P48: =K48+L48 -> 40 | Q48: =M48+N48 -> 6 | R48: =G48+H48 -> 0
A49: 7286 | B49: 1968 | C49: Graduation | D49: Together | E49: 41728 | F49: =E49/1000 -> 41.728 | G49: 1 | H49: 0 | I49: 41418 | J49: 92 | K49: {=VLOOKUP(A49,Sales!$A$1:$E$2241,{2,3,4,5},0)} -> 6 | L49: 5 | M49: 2 | N49: 2 | O49: =2025-B49 -> 57 | P49: =K49+L49 -> 11 | Q49: =M49+N49 -> 4 | R49: =G49+H49 -> 1
A50: 7244 | B50: 1951 | C50: Graduation | D50: Single | E50: ='Missing Values'!$F$5 -> 51381.5 | F50: =E50/1000 -> 51.3815 | G50: 2 | H50: 1 | I50: 41640 | J50: 96 | K50: {=VLOOKUP(A50,Sales!$A$1:$E$2241,{2,3,4,5},0)} -> 5 | L50: 10 | M50: 2 | N50: 4 | O50: =2025-B50 -> 74 | P50: =K50+L50 -> 15 | Q50: =M50+N50 -> 6 | R50: =G50+H50 -> 3
A51: 6566 | B51: 1954 | C51: PhD | D51: Married | E51: 72550 | F51: =E51/1000 -> 72.55 | G51: 1 | H51: 1 | I51: 41221 | J51: 39 | K51: {=VLOOKUP(A51,Sales!$A$1:$E$2241,{2,3,4,5},0)} -> 50 | L51: 38 | M51: 5 | N51: 12 | O51: =2025-B51 -> 71 | P51: =K51+L51 -> 88 | Q51: =M51+N51 -> 17 | R51: =G51+H51 -> 2
A52: 8614 | B52: 1957 | C52: Graduation | D52: Widow | E52: 65486 | F52: =E52/1000 -> 65.486 | G52: 0 | H52: 1 | I52: 41771 | J52: 29 | K52: {=VLOOKUP(A52,Sales!$A$1:$E$2241,{2,3,4,5},0)} -> 19 | L52: 67 | M52: 4 | N52: 10 | O52: =2025-B52 -> 68 | P52: =K52+L52 -> 86 | Q52: =M52+N52 -> 14 | R52: =G52+H52 -> 1
A53: 4114 | B53: 1964 | C53: Master | D53: Married | E53: 79143 | F53: =E53/1000 -> 79.143 | G53: 0 | H53: 0 | I53: 41132 | J53: 2 | K53: {=VLOOKUP(A53,Sales!$A$1:$E$2241,{2,3,4,5},0)} -> 37 | L53: 167 | M53: 6 | N53: 13 | O53: =2025-B53 -> 61 | P53: =K53+L53 -> 204 | Q53: =M53+N53 -> 19 | R53: =G53+H53 -> 0
A54: 1331 | B54: 1977 | C54: Graduation | D54: Single | E54: 35790 | F54: =E54/1000 -> 35.79 | G54: 1 | H54: 0 | I54: 41276 | J54: 54 | K54: {=VLOOKUP(A54,Sales!$A$1:$E$2241,{2,3,4,5},0)} -> 6 | L54: 1 | M54: 2 | N54: 3 | O54: =2025-B54 -> 48 | P54: =K54+L54 -> 7 | Q54: =M54+N54 -> 5 | R54: =G54+H54 -> 1
A55: 2225 | B55: 1977 | C55: Graduation | D55: Divorced | E55: 82582 | F55: =E55/1000 -> 82.582 | G55: 0 | H55: 0 | I55: 41797 | J55: 54 | K55: {=VLOOKUP(A55,Sales!$A$1:$E$2241,{2,3,4,5},0)} -> 120 | L55: 40 | M55: 4 | N55: 7 | O55: =2025-B55 -> 48 | P55: =K55+L55 -> 160 | Q55: =M55+N55 -> 11 | R55: =G55+H55 -> 0
A56: 9381 | B56: 1978 | C56: Graduation | D56: Married | E56: 66373 | F56: =E56/1000 -> 66.373 | G56: 1 | H56: 1 | I56: 41437 | J56: 57 | K56: {=VLOOKUP(A56,Sales!$A$1:$E$2241,{2,3,4,5},0)} -> 9 | L56: 24 | M56: 4 | N56: 10 | O56: =2025-B56 -> 47 | P56: =K56+L56 -> 33 | Q56: =M56+N56 -> 14 | R56: =G56+H56 -> 2
A57: 6260 | B57: 1955 | C57: Master | D57: Together | E57: 82384 | F57: =E57/1000 -> 82.384 | G57: 0 | H57: 0 | I57: 41232 | J57: 55 | K57: {=VLOOKUP(A57,Sales!$A$1:$E$2241,{2,3,4,5},0)} -> 51 | L57: 120 | M57: 3 | N57: 13 | O57: =2025-B57 -> 70 | P57: =K57+L57 -> 171 | Q57: =M57+N57 -> 16 | R57: =G57+H57 -> 0
A58: 10383 | B58: 1966 | C58: Graduation | D58: Divorced | E58: 70287 | F58: =E58/1000 -> 70.287 | G58: 0 | H58: 0 | I58: 41366 | J58: 30 | K58: {=VLOOKUP(A58,Sales!$A$1:$E$2241,{2,3,4,5},0)} -> 35 | L58: 120 | M58: 5 | N58: 10 | O58: =2025-B58 -> 59 | P58: =K58+L58 -> 155 | Q58: =M58+N58 -> 15 | R58: =G58+H58 -> 0
A59: 7437 | B59: 1988 | C59: Graduation | D59: Single | E59: 27938 | F59: =E59/1000 -> 27.938 | G59: 1 | H59: 0 | I59: 41757 | J59: 31 | K59: {=VLOOKUP(A59,Sales!$A$1:$E$2241,{2,3,4,5},0)} -> 0 | L59: 1 | M59: 1 | N59: 4 | O59: =2025-B59 -> 37 | P59: =K59+L59 -> 1 | Q59: =M59+N59 -> 5 | R59: =G59+H59 -> 1
A60: 8557 | B60: 1982 | C60: Graduation | D60: Single | E60: ='Missing Values'!$F$5 -> 51381.5 | F60: =E60/1000 -> 51.3815 | G60: 1 | H60: 0 | I60: 41442 | J60: 57 | K60: {=VLOOKUP(A60,Sales!$A$1:$E$2241,{2,3,4,5},0)} -> 3 | L60: 2 | M60: 2 | N60: 3 | O60: =2025-B60 -> 43 | P60: =K60+L60 -> 5 | Q60: =M60+N60 -> 5 | R60: =G60+H60 -> 1
A61: 8375 | B61: 1968 | C61: PhD | D61: Married | E61: 55954 | F61: =E61/1000 -> 55.954 | G61: 0 | H61: 1 | I61: 41701 | J61: 63 | K61: {=VLOOKUP(A61,Sales!$A$1:$E$2241,{2,3,4,5},0)} -> 0 | L61: 0 | M61: 8 | N61: 6 | O61: =2025-B61 -> 57 | P61: =K61+L61 -> 0 | Q61: =M61+N61 -> 14 | R61: =G61+H61 -> 1
A62: 6853 | B62: 1982 | C62: Master | D62: Single | E62: 75777 | F62: =E62/1000 -> 75.777 | G62: 0 | H62: 0 | I62: 41459 | J62: 12 | K62: {=VLOOKUP(A62,Sales!$A$1:$E$2241,{2,3,4,5},0)} -> 26 | L62: 13 | M62: 3 | N62: 11 | O62: =2025-B62 -> 43 | P62: =K62+L62 -> 39 | Q62: =M62+N62 -> 14 | R62: =G62+H62 -> 0
A63: 3076 | B63: 1975 | C63: Graduation | D63: Together | E63: 66653 | F63: =E63/1000 -> 66.653 | G63: 1 | H63: 1 | I63: 41159 | J63: 18 | K63: {=VLOOKUP(A63,Sales!$A$1:$E$2241,{2,3,4,5},0)} -> 18 | L63: 18 | M63: 4 | N63: 12 | O63: =2025-B63 -> 50 | P63: =K63+L63 -> 36 | Q63: =M63+N63 -> 16 | R63: =G63+H63 -> 2
A64: 1012 | B64: 1952 | C64: Graduation | D64: Single | E64: 61823 | F64: =E64/1000 -> 61.823 | G64: 0 | H64: 1 | I64: 41323 | J64: 26 | K64: {=VLOOKUP(A64,Sales!$A$1:$E$2241,{2,3,4,5},0)} -> 7 | L64: 14 | M64: 8 | N64: 10 | O64: =2025-B64 -> 73 | P64: =K64+L64 -> 21 | Q64: =M64+N64 -> 18 | R64: =G64+H64 -> 1
A65: 6518 | B65: 1951 | C65: PhD | D65: Widow | E65: 67680 | F65: =E65/1000 -> 67.68 | G65: 0 | H65: 1 | I65: 41436 | J65: 8 | K65: {=VLOOKUP(A65,Sales!$A$1:$E$2241,{2,3,4,5},0)} -> 0 | L65: 6 | M65: 7 | N65: 8 | O65: =2025-B65 -> 74 | P65: =K65+L65 -> 6 | Q65: =M65+N65 -> 15 | R65: =G65+H65 -> 1
A66: 4137 | B66: 1948 | C66: Graduation | D66: Together | E66: 70666 | F66: =E66/1000 -> 70.666 | G66: 0 | H66: 0 | I66: 41614 | J66: 29 | K66: {=VLOOKUP(A66,Sales!$A$1:$E$2241,{2,3,4,5},0)} -> 40 | L66: 122 | M66: 7 | N66: 4 | O66: =2025-B66 -> 77 | P66: =K66+L66 -> 162 | Q66: =M66+N66 -> 11 | R66: =G66+H66 -> 0
A67: 8082 | B67: 1971 | C67: Graduation | D67: Married | E67: 25721 | F67: =E67/1000 -> 25.721 | G67: 1 | H67: 0 | I67: 41415 | J67: 75 | K67: {=VLOOKUP(A67,Sales!$A$1:$E$2241,{2,3,4,5},0)} -> 3 | L67: 6 | M67: 1 | N67: 2 | O67: =2025-B67 -> 54 | P67: =K67+L67 -> 9 | Q67: =M67+N67 -> 3 | R67: =G67+H67 -> 1
A68: 1386 | B68: 1967 | C68: Graduation | D68: Together | E68: 32474 | F68: =E68/1000 -> 32.474 | G68: 1 | H68: 1 | I68: 41770 | J68: 0 | K68: {=VLOOKUP(A68,Sales!$A$1:$E$2241,{2,3,4,5},0)} -> 0 | L68: 0 | M68: 1 | N68: 2 | O68: =2025-B68 -> 58 | P68: =K68+L68 -> 0 | Q68: =M68+N68 -> 3 | R68: =G68+H68 -> 2
A69: 9369 | B69: 1979 | C69: 2n Cycle | D69: Single | E69: 88194 | F69: =E69/1000 -> 88.194 | G69: 0 | H69: 1 | I69: 41717 | J69: 19 | K69: {=VLOOKUP(A69,Sales!$A$1:$E$2241,{2,3,4,5},0)} -> 14 | L69: 24 | M69: 11 | N69: 10 | O69: =2025-B69 -> 46 | P69: =K69+L69 -> 38 | Q69: =M69+N69 -> 21 | R69: =G69+H69 -> 1
A70: 4477 | B70: 1958 | C70: Graduation | D70: Together | E70: 69096 | F70: =E70/1000 -> 69.096 | G70: 0 | H70: 1 | I70: 41544 | J70: 4 | K70: {=VLOOKUP(A70,Sales!$A$1:$E$2241,{2,3,4,5},0)} -> 49 | L70: 82 | M70: 5 | N70: 10 | O70: =2025-B70 -> 67 | P70: =K70+L70 -> 131 | Q70: =M70+N70 -> 15 | R70: =G70+H70 -> 1
A71: 1357 | B71: 1970 | C71: Graduation | D71: Together | E71: 74854 | F71: =E71/1000 -> 74.854 | G71: 1 | H71: 2 | I71: 41372 | J71: 90 | K71: {=VLOOKUP(A71,Sales!$A$1:$E$2241,{2,3,4,5},0)} -> 59 | L71: 29 | M71: 2 | N71: 5 | O71: =2025-B71 -> 55 | P71: =K71+L71 -> 88 | Q71: =M71+N71 -> 7 | R71: =G71+H71 -> 3
A72: 1402 | B72: 1954 | C72: Master | D72: Married | E72: 66991 | F72: =E72/1000 -> 66.991 | G72: 0 | H72: 0 | I72: 41163 | J72: 1 | K72: {=VLOOKUP(A72,Sales!$A$1:$E$2241,{2,3,4,5},0)} -> 36 | L72: 60 | M72: 4 | N72: 6 | O72: =2025-B72 -> 71 | P72: =K72+L72 -> 96 | Q72: =M72+N72 -> 10 | R72: =G72+H72 -> 0
A73: 10629 | B73: 1973 | C73: 2n Cycle | D73: Married | E73: ='Missing Values'!$F$5 -> 51381.5 | F73: =E73/1000 -> 51.3815 | G73: 1 | H73: 0 | I73: 41166 | J73: 25 | K73: {=VLOOKUP(A73,Sales!$A$1:$E$2241,{2,3,4,5},0)} -> 3 | L73: 4 | M73: 3 | N73: 3 | O73: =2025-B73 -> 52 | P73: =K73+L73 -> 7 | Q73: =M73+N73 -> 6 | R73: =G73+H73 -> 1
A74: 6312 | B74: 1959 | C74: Graduation | D74: Married | E74: 65031 | F74: =E74/1000 -> 65.031 | G74: 0 | H74: 1 | I74: 41350 | J74: 29 | K74: {=VLOOKUP(A74,Sales!$A$1:$E$2241,{2,3,4,5},0)} -> 107 | L74: 37 | M74: 10 | N74: 13 | O74: =2025-B74 -> 66 | P74: =K74+L74 -> 144 | Q74: =M74+N74 -> 23 | R74: =G74+H74 -> 1
A75: 8132 | B75: 1975 | C75: PhD | D75: Married | E75: 60631 | F75: =E75/1000 -> 60.631 | G75: 1 | H75: 1 | I75: 41369 | J75: 88 | K75: {=VLOOKUP(A75,Sales!$A$1:$E$2241,{2,3,4,5},0)} -> 6 | L75: 6 | M75: 9 | N75: 8 | O75: =2025-B75 -> 50 | P75: =K75+L75 -> 12 | Q75: =M75+N75 -> 17 | R75: =G75+H75 -> 2
A76: 1050 | B76: 1952 | C76: Graduation | D76: Married | E76: 28332 | F76: =E76/1000 -> 28.332 | G76: 0 | H76: 0 | I76: 41759 | J76: 58 | K76: {=VLOOKUP(A76,Sales!$A$1:$E$2241,{2,3,4,5},0)} -> 10 | L76: 15 | M76: 2 | N76: 4 | O76: =2025-B76 -> 73 | P76: =K76+L76 -> 25 | Q76: =M76+N76 -> 6 | R76: =G76+H76 -> 0
A77: 5846 | B77: 1977 | C77: Graduation | D77: Divorced | E77: 40246 | F77: =E77/1000 -> 40.246 | G77: 1 | H77: 0 | I77: 41262 | J77: 68 | K77: {=VLOOKUP(A77,Sales!$A$1:$E$2241,{2,3,4,5},0)} -> 1 | L77: 1 | M77: 1 | N77: 2 | O77: =2025-B77 -> 48 | P77: =K77+L77 -> 2 | Q77: =M77+N77 -> 3 | R77: =G77+H77 -> 1
A78: 1859 | B78: 1972 | C78: Master | D78: Married | E78: 75251 | F78: =E78/1000 -> 75.251 | G78: 0 | H78: 0 | I78: 41148 | J78: 34 | K78: {=VLOOKUP(A78,Sales!$A$1:$E$2241,{2,3,4,5},0)} -> 111 | L78: 18 | M78: 7 | N78: 5 | O78: =2025-B78 -> 53 | P78: =K78+L78 -> 129 | Q78: =M78+N78 -> 12 | R78: =G78+H78 -> 0
A79: 7503 | B79: 1976 | C79: Graduation | D79: Single | E79: 75825 | F79: =E79/1000 -> 75.825 | G79: 0 | H79: 0 | I79: 41194 | J79: 40 | K79: {=VLOOKUP(A79,Sales!$A$1:$E$2241,{2,3,4,5},0)} -> 105 | L79: 105 | M79: 5 | N79: 9 | O79: =2025-B79 -> 49 | P79: =K79+L79 -> 210 | Q79: =M79+N79 -> 14 | R79: =G79+H79 -> 0
A80: 10401 | B80: 1976 | C80: 2n Cycle | D80: Together | E80: 26326 | F80: =E80/1000 -> 26.326 | G80: 0 | H80: 0 | I80: 41521 | J80: 12 | K80: {=VLOOKUP(A80,Sales!$A$1:$E$2241,{2,3,4,5},0)} -> 0 | L80: 3 | M80: 0 | N80: 3 | O80: =2025-B80 -> 49 | P80: =K80+L80 -> 3 | Q80: =M80+N80 -> 3 | R80: =G80+H80 -> 0
A81: 1618 | B81: 1965 | C81: Graduation | D81: Together | E81: 56046 | F81: =E81/1000 -> 56.046 | G81: 0 | H81: 0 | I81: 41276 | J81: 9 | K81: {=VLOOKUP(A81,Sales!$A$1:$E$2241,{2,3,4,5},0)} -> 0 | L81: 0 | M81: 10 | N81: 8 | O81: =2025-B81 -> 60 | P81: =K81+L81 -> 0 | Q81: =M81+N81 -> 18 | R81: =G81+H81 -> 0
A82: 3332 | B82: 1985 | C82: Graduation | D82: Single | E82: 29760 | F82: =E82/1000 -> 29.76 | G82: 1 | H82: 0 | I82: 41150 | J82: 87 | K82: {=VLOOKUP(A82,Sales!$A$1:$E$2241,{2,3,4,5},0)} -> 4 | L82: 5 | M82: 3 | N82: 4 | O82: =2025-B82 -> 40 | P82: =K82+L82 -> 9 | Q82: =M82+N82 -> 7 | R82: =G82+H82 -> 1
A83: 2261 | B83: 1969 | C83: Graduation | D83: Married | E83: 26304 | F83: =E83/1000 -> 26.304 | G83: 1 | H83: 0 | I83: 41448 | J83: 5 | K83: {=VLOOKUP(A83,Sales!$A$1:$E$2241,{2,3,4,5},0)} -> 1 | L83: 0 | M83: 1 | N83: 2 | O83: =2025-B83 -> 56 | P83: =K83+L83 -> 1 | Q83: =M83+N83 -> 3 | R83: =G83+H83 -> 1
A84: 5346 | B84: 1973 | C84: 2n Cycle | D84: Married | E84: 23559 | F84: =E84/1000 -> 23.559 | G84: 1 | H84: 0 | I84: 41458 | J84: 87 | K84: {=VLOOKUP(A84,Sales!$A$1:$E$2241,{2,3,4,5},0)} -> 5 | L84: 0 | M84: 3 | N84: 3 | O84: =2025-B84 -> 52 | P84: =K84+L84 -> 5 | Q84: =M84+N84 -> 6 | R84: =G84+H84 -> 1
A85: 4119 | B85: 1963 | C85: Master | D85: Together | E85: 38620 | F85: =E85/1000 -> 38.62 | G85: 0 | H85: 0 | I85: 41405 | J85: 56 | K85: {=VLOOKUP(A85,Sales!$A$1:$E$2241,{2,3,4,5},0)} -> 17 | L85: 22 | M85: 2 | N85: 3 | O85: =2025-B85 -> 62 | P85: =K85+L85 -> 39 | Q85: =M85+N85 -> 5 | R85: =G85+H85 -> 0
... A91: 771 | B91: 1967 | C91: Graduation | D91: Together | E91: 54178 | F91: =E91/1000 -> 54.178 | G91: 0 | H91: 1 | I91: 41660 | J91: 79 | K91: {=VLOOKUP(A91,Sales!$A$1:$E$2241,{2,3,4,5},0)} -> 9 | L91: 0 | M91: 2 | N91: 5 | O91: =2025-B91 -> 58 | P91: =K91+L91 -> 9 | Q91: =M91+N91 -> 7 | R91: =G91+H91 -> 1
A92: 8996 | B92: 1957 | C92: PhD | D92: Married | E92: ='Missing Values'!$F$5 -> 51381.5 | F92: =E92/1000 -> 51.3815 | G92: 2 | H92: 1 | I92: 41232 | J92: 4 | K92: {=VLOOKUP(A92,Sales!$A$1:$E$2241,{2,3,4,5},0)} -> 42 | L92: 37 | M92: 7 | N92: 8 | O92: =2025-B92 -> 68 | P92: =K92+L92 -> 79 | Q92: =M92+N92 -> 15 | R92: =G92+H92 -> 3
A93: 9235 | B93: 1957 | C93: Graduation | D93: Single | E93: ='Missing Values'!$F$5 -> 51381.5 | F93: =E93/1000 -> 51.3815 | G93: 1 | H93: 1 | I93: 41786 | J93: 45 | K93: {=VLOOKUP(A93,Sales!$A$1:$E$2241,{2,3,4,5},0)} -> 0 | L93: 0 | M93: 1 | N93: 2 | O93: =2025-B93 -> 68 | P93: =K93+L93 -> 0 | Q93: =M93+N93 -> 3 | R93: =G93+H93 -> 2
A94: 5798 | B94: 1973 | C94: Master | D94: Together | E94: ='Missing Values'!$F$5 -> 51381.5 | F94: =E94/1000 -> 51.3815 | G94: 0 | H94: 0 | I94: 41601 | J94: 87 | K94: {=VLOOKUP(A94,Sales!$A$1:$E$2241,{2,3,4,5},0)} -> 37 | L94: 28 | M94: 2 | N94: 8 | O94: =2025-B94 -> 52 | P94: =K94+L94 -> 65 | Q94: =M94+N94 -> 10 | R94: =G94+H94 -> 0
A95: 11178 | B95: 1972 | C95: Master | D95: Single | E95: 42394 | F95: =E95/1000 -> 42.394 | G95: 1 | H95: 0 | I95: 41721 | J95: 69 | K95: {=VLOOKUP(A95,Sales!$A$1:$E$2241,{2,3,4,5},0)} -> 2 | L95: 1 | M95: 1 | N95: 3 | O95: =2025-B95 -> 53 | P95: =K95+L95 -> 3 | Q95: =M95+N95 -> 4 | R95: =G95+H95 -> 1
A96: 2230 | B96: 1970 | C96: PhD | D96: Married | E96: 23626 | F96: =E96/1000 -> 23.626 | G96: 1 | H96: 0 | I96: 41783 | J96: 84 | K96: {=VLOOKUP(A96,Sales!$A$1:$E$2241,{2,3,4,5},0)} -> 2 | L96: 0 | M96: 3 | N96: 3 | O96: =2025-B96 -> 55 | P96: =K96+L96 -> 2 | Q96: =M96+N96 -> 6 | R96: =G96+H96 -> 1
A97: 7516 | B97: 1983 | C97: Graduation | D97: Married | E97: 30096 | F97: =E97/1000 -> 30.096 | G97: 1 | H97: 0 | I97: 41781 | J97: 30 | K97: {=VLOOKUP(A97,Sales!$A$1:$E$2241,{2,3,4,5},0)} -> 3 | L97: 5 | M97: 2 | N97: 3 | O97: =2025-B97 -> 42 | P97: =K97+L97 -> 8 | Q97: =M97+N97 -> 5 | R97: =G97+H97 -> 1
A98: 7247 | B98: 1960 | C98: Graduation | D98: Widow | E98: 47916 | F98: =E98/1000 -> 47.916 | G98: 0 | H98: 1 | I98: 41235 | J98: 72 | K98: {=VLOOKUP(A98,Sales!$A$1:$E$2241,{2,3,4,5},0)} -> 0 | L98: 0 | M98: 7 | N98: 6 | O98: =2025-B98 -> 65 | P98: =K98+L98 -> 0 | Q98: =M98+N98 -> 13 | R98: =G98+H98 -> 1
A99: 11100 | B99: 1972 | C99: Graduation | D99: Divorced | E99: 51813 | F99: =E99/1000 -> 51.813 | G99: 1 | H99: 1 | I99: 41375 | J99: 37 | K99: {=VLOOKUP(A99,Sales!$A$1:$E$2241,{2,3,4,5},0)} -> 2 | L99: 1 | M99: 2 | N99: 3 | O99: =2025-B99 -> 53 | P99: =K99+L99 -> 3 | Q99: =M99+N99 -> 5 | R99: =G99+H99 -> 2
A100: 4646 | B100: 1951 | C100: 2n Cycle | D100: Married | E100: 78497 | F100: =E100/1000 -> 78.497 | G100: 0 | H100: 0 | I100: 41609 | J100: 44 | K100: {=VLOOKUP(A100,Sales!$A$1:$E$2241,{2,3,4,5},0)} -> 26 | L100: 0 | M100: 5 | N100: 12 | O100: =2025-B100 -> 74 | P100: =K100+L100 -> 26 | Q100: =M100+N100 -> 17 | R100: =G100+H100 -> 0
A101: 3037 | B101: 1983 | C101: PhD | D101: Married | E101: 50150 | F101: =E101/1000 -> 50.15 | G101: 0 | H101: 0 | I101: 41445 | J101: 32 | K101: {=VLOOKUP(A101,Sales!$A$1:$E$2241,{2,3,4,5},0)} -> 46 | L101: 61 | M101: 5 | N101: 7 | O101: =2025-B101 -> 42 | P101: =K101+L101 -> 107 | Q101: =M101+N101 -> 12 | R101: =G101+H101 -> 0
A102: 1473 | B102: 1960 | C102: 2n Cycle | D102: Single | E102: 47823 | F102: =E102/1000 -> 47.823 | G102: 0 | H102: 1 | I102: 41478 | J102: 0 | K102: {=VLOOKUP(A102,Sales!$A$1:$E$2241,{2,3,4,5},0)} -> 1 | L102: 1 | M102: 2 | N102: 3 | O102: =2025-B102 -> 65 | P102: =K102+L102 -> 2 | Q102: =M102+N102 -> 5 | R102: =G102+H102 -> 1
A103: 1016 | B103: 1959 | C103: PhD | D103: Single | E103: 34554 | F103: =E103/1000 -> 34.554 | G103: 0 | H103: 1 | I103: 41728 | J103: 43 | K103: {=VLOOKUP(A103,Sales!$A$1:$E$2241,{2,3,4,5},0)} -> 1 | L103: 0 | M103: 2 | N103: 3 | O103: =2025-B103 -> 66 | P103: =K103+L103 -> 1 | Q103: =M103+N103 -> 5 | R103: =G103+H103 -> 1
A104: 4518 | B104: 1979 | C104: Graduation | D104: Together | E104: 85693 | F104: =E104/1000 -> 85.693 | G104: 0 | H104: 1 | I104: 41384 | J104: 59 | K104: {=VLOOKUP(A104,Sales!$A$1:$E$2241,{2,3,4,5},0)} -> 172 | L104: 132 | M104: 9 | N104: 11 | O104: =2025-B104 -> 46 | P104: =K104+L104 -> 304 | Q104: =M104+N104 -> 20 | R104: =G104+H104 -> 1
A105: 9370 | B105: 1945 | C105: PhD | D105: Married | E105: 65846 | F105: =E105/1000 -> 65.846 | G105: 0 | H105: 0 | I105: 41411 | J105: 68 | K105: {=VLOOKUP(A105,Sales!$A$1:$E$2241,{2,3,4,5},0)} -> 81 | L105: 40 | M105: 6 | N105: 6 | O105: =2025-B105 -> 80 | P105: =K105+L105 -> 121 | Q105: =M105+N105 -> 12 | R105: =G105+H105 -> 0
A106: 8908 | B106: 1959 | C106: Graduation | D106: Married | E106: 87195 | F106: =E106/1000 -> 87.195 | G106: 0 | H106: 0 | I106: 41767 | J106: 35 | K106: {=VLOOKUP(A106,Sales!$A$1:$E$2241,{2,3,4,5},0)} -> 76 | L106: 26 | M106: 3 | N106: 5 | O106: =2025-B106 -> 66 | P106: =K106+L106 -> 102 | Q106: =M106+N106 -> 8 | R106: =G106+H106 -> 0
... A129: 3381 | B129: 1953 | C129: Master | D129: Married | E129: 54348 | F129: =E129/1000 -> 54.348 | G129: 1 | H129: 1 | I129: 41798 | J129: 51 | K129: {=VLOOKUP(A129,Sales!$A$1:$E$2241,{2,3,4,5},0)} -> 0 | L129: 0 | M129: 2 | N129: 4 | O129: =2025-B129 -> 72 | P129: =K129+L129 -> 0 | Q129: =M129+N129 -> 6 | R129: =G129+H129 -> 2
A130: 8268 | B130: 1961 | C130: PhD | D130: Married | E130: ='Missing Values'!$F$5 -> 51381.5 | F130: =E130/1000 -> 51.3815 | G130: 0 | H130: 1 | I130: 41466 | J130: 23 | K130: {=VLOOKUP(A130,Sales!$A$1:$E$2241,{2,3,4,5},0)} -> 0 | L130: 0 | M130: 6 | N130: 7 | O130: =2025-B130 -> 64 | P130: =K130+L130 -> 0 | Q130: =M130+N130 -> 13 | R130: =G130+H130 -> 1
A131: 11051 | B131: 1956 | C131: PhD | D131: Together | E131: 77376 | F131: =E131/1000 -> 77.376 | G131: 1 | H131: 1 | I131: 41769 | J131: 72 | K131: {=VLOOKUP(A131,Sales!$A$1:$E$2241,{2,3,4,5},0)} -> 19 | L131: 12 | M131: 6 | N131: 10 | O131: =2025-B131 -> 69 | P131: =K131+L131 -> 31 | Q131: =M131+N131 -> 16 | R131: =G131+H131 -> 2
A132: 8026 | B132: 1952 | C132: Graduation | D132: Married | E132: 62998 | F132: =E132/1000 -> 62.998 | G132: 0 | H132: 1 | I132: 41547 | J132: 10 | K132: {=VLOOKUP(A132,Sales!$A$1:$E$2241,{2,3,4,5},0)} -> 58 | L132: 89 | M132: 5 | N132: 5 | O132: =2025-B132 -> 73 | P132: =K132+L132 -> 147 | Q132: =M132+N132 -> 10 | R132: =G132+H132 -> 1
...

Sheet Missing Values
A1: Functions | B1: ID | C1: Year_Birth | D1: Education | E1: Marital_Status | F1: Income | G1: Kidhome | H1: Teenhome | I1: Dt_Customer | J1: Recency | K1: MntFruits | L1: MntSweetProducts | M1: NumWebPurchases | N1: NumStorePurchases
A2: CountA | B2: =COUNTA(Customer!A2:A2241) -> 2240 | C2: =COUNTA(Customer!B2:B2241) -> 2240 | D2: =COUNTA(Customer!C2:C2241) -> 2240 | E2: =COUNTA(Customer!D2:D2241) -> 2240 | F2: =COUNTA(Customer!E2:E2241) -> 2240 | G2: =COUNTA(Customer!G2:G2241) -> 2240 | H2: =COUNTA(Customer!H2:H2241) -> 2240 | I2: =COUNTA(Customer!I2:I2241) -> 2240 | J2: =COUNTA(Customer!J2:J2241) -> 2240 | K2: =COUNTA(Customer!K2:K2241) -> 2240 | L2: =COUNTA(Customer!L2:L2241) -> 2240 | M2: =COUNTA(Customer!M2:M2241) -> 2240 | N2: =COUNTA(Customer!N2:N2241) -> 2240
A3: CountBlank | B3: =COUNTBLANK(Customer!A2:A2241) -> 0 | C3: =COUNTBLANK(Customer!B2:B2241) -> 0 | D3: =COUNTBLANK(Customer!C2:C2241) -> 0 | E3: =COUNTBLANK(Customer!D2:D2241) -> 0 | F3: =COUNTBLANK(Customer!E2:E2241) -> 0 | G3: =COUNTBLANK(Customer!G2:G2241) -> 0 | H3: =COUNTBLANK(Customer!H2:H2241) -> 0 | I3: =COUNTBLANK(Customer!I2:I2241) -> 0 | J3: =COUNTBLANK(Customer!J2:J2241) -> 0 | K3: =COUNTBLANK(Customer!K2:K2241) -> 0 | L3: =COUNTBLANK(Customer!L2:L2241) -> 0 | M3: =COUNTBLANK(Customer!M2:M2241) -> 0 | N3: =COUNTBLANK(Customer!N2:N2241) -> 0
A4: Mean | F4: =AVERAGE(Customer!E2:E2241) -> 52237.975 | G4: =AVERAGE(Customer!G2:G2241) -> 0.44419643 | H4: =AVERAGE(Customer!H2:H2241) -> 0.50625 | J4: =AVERAGE(Customer!J2:J2241) -> 49.109375 | K4: =AVERAGE(Customer!K2:K2241) -> 26.302232 | L4: =AVERAGE(Customer!L2:L2241) -> 27.062946 | M4: =AVERAGE(Customer!M2:M2241) -> 4.0848214 | N4: =AVERAGE(Customer!N2:N2241) -> 5.7901786
A5: Median | F5: 51381.5 | G5: =MEDIAN(Customer!G2:G2241) -> 0 | H5: =MEDIAN(Customer!H2:H2241) -> 0 | J5: =MEDIAN(Customer!J2:J2241) -> 49 | K5: =MEDIAN(Customer!K2:K2241) -> 8 | L5: =MEDIAN(Customer!L2:L2241) -> 8 | M5: =MEDIAN(Customer!M2:M2241) -> 4 | N5: =MEDIAN(Customer!N2:N2241) -> 5
A6: Std Dev | F6: =STDEV(Customer!E2:E2241) -> 25037.956 | G6: =STDEV(Customer!G2:G2241) -> 0.5383981 | H6: =STDEV(Customer!H2:H2241) -> 0.54453823 | J6: =STDEV(Customer!J2:J2241) -> 28.962453 | K6: =STDEV(Customer!K2:K2241) -> 39.773434 | L6: =STDEV(Customer!L2:L2241) -> 41.280498 | M6: =STDEV(Customer!M2:M2241) -> 2.7787141 | N6: =STDEV(Customer!N2:N2241) -> 3.2509581
A7: Percentage - Std Dev & Mean | F7: =F6/F4 -> 0.47930563 | J7: =J6/J4 -> 0.58975405 | K7: =K6/K4 -> 1.5121695 | L7: =L6/L4 -> 1.5253512 | M7: =M6/M4 -> 0.68025352 | N7: =N6/N4 -> 0.56146077
F8: Use Median
A10: In a normal scenario if the std dev is more than 40% of mean then in that case median can be used to fill missing values.

Sheet Data Type Check
A1: ID | B1: Year_Birth | C1: Education | D1: Marital_Status | E1: Income | F1: Kidhome | G1: Teenhome | H1: Dt_Customer | I1: Recency | J1: MntFruits | K1: MntSweetProducts | L1: NumWebPurchases | M1: NumStorePurchases
A2: =TYPE(Customer!A2) -> 1 | B2: =TYPE(Customer!B2) -> 1 | C2: =TYPE(Customer!C2) -> 2 | D2: =TYPE(Customer!D2) -> 2 | E2: =TYPE(Customer!E2) -> 1 | F2: =TYPE(Customer!G2) -> 1 | G2: =TYPE(Customer!H2) -> 1 | H2: =TYPE(Customer!I2) -> 1 | I2: =TYPE(Customer!J2) -> 1 | J2: =TYPE(Customer!K2) -> 1 | K2: =TYPE(Customer!L2) -> 1 | L2: =TYPE(Customer!M2) -> 1 | M2: =TYPE(Customer!N2) -> 1
A3: =TYPE(Customer!A3) -> 1 | B3: =TYPE(Customer!B3) -> 1 | C3: =TYPE(Customer!C3) -> 2 | D3: =TYPE(Customer!D3) -> 2 | E3: =TYPE(Customer!E3) -> 1 | F3: =TYPE(Customer!G3) -> 1 | G3: =TYPE(Customer!H3) -> 1 | H3: =TYPE(Customer!I3) -> 1 | I3: =TYPE(Customer!J3) -> 1 | J3: =TYPE(Customer!K3) -> 1 | K3: =TYPE(Customer!L3) -> 1 | L3: =TYPE(Customer!M3) -> 1 | M3: =TYPE(Customer!N3) -> 1
A4: =TYPE(Customer!A4) -> 1 | B4: =TYPE(Customer!B4) -> 1 | C4: =TYPE(Customer!C4) -> 2 | D4: =TYPE(Customer!D4) -> 2 | E4: =TYPE(Customer!E4) -> 1 | F4: =TYPE(Customer!G4) -> 1 | G4: =TYPE(Customer!H4) -> 1 | H4: =TYPE(Customer!I4) -> 1 | I4: =TYPE(Customer!J4) -> 1 | J4: =TYPE(Customer!K4) -> 1 | K4: =TYPE(Customer!L4) -> 1 | L4: =TYPE(Customer!M4) -> 1 | M4: =TYPE(Customer!N4) -> 1
A5: =TYPE(Customer!A5) -> 1 | B5: =TYPE(Customer!B5) -> 1 | C5: =TYPE(Customer!C5) -> 2 | D5: =TYPE(Customer!D5) -> 2 | E5: =TYPE(Customer!E5) -> 1 | F5: =TYPE(Customer!G5) -> 1 | G5: =TYPE(Customer!H5) -> 1 | H5: =TYPE(Customer!I5) -> 1 | I5: =TYPE(Customer!J5) -> 1 | J5: =TYPE(Customer!K5) -> 1 | K5: =TYPE(Customer!L5) -> 1 | L5: =TYPE(Customer!M5) -> 1 | M5: =TYPE(Customer!N5) -> 1
A6: =TYPE(Customer!A6) -> 1 | B6: =TYPE(Customer!B6) -> 1 | C6: =TYPE(Customer!C6) -> 2 | D6: =TYPE(Customer!D6) -> 2 | E6: =TYPE(Customer!E6) -> 1 | F6: =TYPE(Customer!G6) -> 1 | G6: =TYPE(Customer!H6) -> 1 | H6: =TYPE(Customer!I6) -> 1 | I6: =TYPE(Customer!J6) -> 1 | J6: =TYPE(Customer!K6) -> 1 | K6: =TYPE(Customer!L6) -> 1 | L6: =TYPE(Customer!M6) -> 1 | M6: =TYPE(Customer!N6) -> 1
A7: =TYPE(Customer!A7) -> 1 | B7: =TYPE(Customer!B7) -> 1 | C7: =TYPE(Customer!C7) -> 2 | D7: =TYPE(Customer!D7) -> 2 | E7: =TYPE(Customer!E7) -> 1 | F7: =TYPE(Customer!G7) -> 1 | G7: =TYPE(Customer!H7) -> 1 | H7: =TYPE(Customer!I7) -> 1 | I7: =TYPE(Customer!J7) -> 1 | J7: =TYPE(Customer!K7) -> 1 | K7: =TYPE(Customer!L7) -> 1 | L7: =TYPE(Customer!M7) -> 1 | M7: =TYPE(Customer!N7) -> 1
A8: =TYPE(Customer!A8) -> 1 | B8: =TYPE(Customer!B8) -> 1 | C8: =TYPE(Customer!C8) -> 2 | D8: =TYPE(Customer!D8) -> 2 | E8: =TYPE(Customer!E8) -> 1 | F8: =TYPE(Customer!G8) -> 1 | G8: =TYPE(Customer!H8) -> 1 | H8: =TYPE(Customer!I8) -> 1 | I8: =TYPE(Customer!J8) -> 1 | J8: =TYPE(Customer!K8) -> 1 | K8: =TYPE(Customer!L8) -> 1 | L8: =TYPE(Customer!M8) -> 1 | M8: =TYPE(Customer!N8) -> 1
A9: =TYPE(Customer!A9) -> 1 | B9: =TYPE(Customer!B9) -> 1 | C9: =TYPE(Customer!C9) -> 2 | D9: =TYPE(Customer!D9) -> 2 | E9: =TYPE(Customer!E9) -> 1 | F9: =TYPE(Customer!G9) -> 1 | G9: =TYPE(Customer!H9) -> 1 | H9: =TYPE(Customer!I9) -> 1 | I9: =TYPE(Customer!J9) -> 1 | J9: =TYPE(Customer!K9) -> 1 | K9: =TYPE(Customer!L9) -> 1 | L9: =TYPE(Customer!M9) -> 1 | M9: =TYPE(Customer!N9) -> 1
A10: =TYPE(Customer!A10) -> 1 | B10: =TYPE(Customer!B10) -> 1 | C10: =TYPE(Customer!C10) -> 2 | D10: =TYPE(Customer!D10) -> 2 | E10: =TYPE(Customer!E10) -> 1 | F10: =TYPE(Customer!G10) -> 1 | G10: =TYPE(Customer!H10) -> 1 | H10: =TYPE(Customer!I10) -> 1 | I10: =TYPE(Customer!J10) -> 1 | J10: =TYPE(Customer!K10) -> 1 | K10: =TYPE(Customer!L10) -> 1 | L10: =TYPE(Customer!M10) -> 1 | M10: =TYPE(Customer!N10) -> 1
A11: =TYPE(Customer!A11) -> 1 | B11: =TYPE(Customer!B11) -> 1 | C11: =TYPE(Customer!C11) -> 2 | D11: =TYPE(Customer!D11) -> 2 | E11: =TYPE(Customer!E11) -> 1 | F11: =TYPE(Customer!G11) -> 1 | G11: =TYPE(Customer!H11) -> 1 | H11: =TYPE(Customer!I11) -> 1 | I11: =TYPE(Customer!J11) -> 1 | J11: =TYPE(Customer!K11) -> 1 | K11: =TYPE(Customer!L11) -> 1 | L11: =TYPE(Customer!M11) -> 1 | M11: =TYPE(Customer!N11) -> 1
A12: =TYPE(Customer!A12) -> 1 | B12: =TYPE(Customer!B12) -> 1 | C12: =TYPE(Customer!C12) -> 2 | D12: =TYPE(Customer!D12) -> 2 | E12: =TYPE(Customer!E12) -> 1 | F12: =TYPE(Customer!G12) -> 1 | G12: =TYPE(Customer!H12) -> 1 | H12: =TYPE(Customer!I12) -> 1 | I12: =TYPE(Customer!J12) -> 1 | J12: =TYPE(Customer!K12) -> 1 | K12: =TYPE(Customer!L12) -> 1 | L12: =TYPE(Customer!M12) -> 1 | M12: =TYPE(Customer!N12) -> 1
A13: =TYPE(Customer!A13) -> 1 | B13: =TYPE(Customer!B13) -> 1 | C13: =TYPE(Customer!C13) -> 2 | D13: =TYPE(Customer!D13) -> 2 | E13: =TYPE(Customer!E13) -> 1 | F13: =TYPE(Customer!G13) -> 1 | G13: =TYPE(Customer!H13) -> 1 | H13: =TYPE(Customer!I13) -> 1 | I13: =TYPE(Customer!J13) -> 1 | J13: =TYPE(Customer!K13) -> 1 | K13: =TYPE(Customer!L13) -> 1 | L13: =TYPE(Customer!M13) -> 1 | M13: =TYPE(Customer!N13) -> 1
... A2241: =TYPE(Customer!A2241) -> 1 | B2241: =TYPE(Customer!B2241) -> 1 | C2241: =TYPE(Customer!C2241) -> 2 | D2241: =TYPE(Customer!D2241) -> 2 | E2241: =TYPE(Customer!E2241) -> 1 | F2241: =TYPE(Customer!G2241) -> 1 | G2241: =TYPE(Customer!H2241) -> 1 | H2241: =TYPE(Customer!I2241) -> 1 | I2241: =TYPE(Customer!J2241) -> 1 | J2241: =TYPE(Customer!K2241) -> 1 | K2241: =TYPE(Customer!L2241) -> 1 | L2241: =TYPE(Customer!M2241) -> 1 | M2241: =TYPE(Customer!N2241) -> 1

Sheet Outliers
A1: Income | B1: Outlier | D1: Q1 | E1: =QUARTILE(A2:A2241,1) -> 35538.75
A2: 58138 | B2: =IF(OR(A2<$E$4,A2>$E$5),"Yes","No") -> No | D2: Q3 | E2: =QUARTILE(A2:A2241,3) -> 68289.75
A3: 46344 | B3: =IF(OR(A3<$E$4,A3>$E$5),"Yes","No") -> No | D3: IQR | E3: =E2-E1 -> 32751
A4: 71613 | B4: =IF(OR(A4<$E$4,A4>$E$5),"Yes","No") -> No | D4: Lower | E4: =E1-(1.5*E3) -> -13587.75
A5: 26646 | B5: =IF(OR(A5<$E$4,A5>$E$5),"Yes","No") -> No | D5: Upper | E5: =E2+(1.5*E3) -> 117416.25
A6: 58293 | B6: =IF(OR(A6<$E$4,A6>$E$5),"Yes","No") -> No
A7: 62513 | B7: =IF(OR(A7<$E$4,A7>$E$5),"Yes","No") -> No
A8: 55635 | B8: =IF(OR(A8<$E$4,A8>$E$5),"Yes","No") -> No
A9: 33454 | B9: =IF(OR(A9<$E$4,A9>$E$5),"Yes","No") -> No
A10: 30351 | B10: =IF(OR(A10<$E$4,A10>$E$5),"Yes","No") -> No | D10: Box & Whisker
A11: 5648 | B11: =IF(OR(A11<$E$4,A11>$E$5),"Yes","No") -> No
A12: ='Missing Values'!$F$5 -> 51381.5 | B12: =IF(OR(A12<$E$4,A12>$E$5),"Yes","No") -> No
A13: 7500 | B13: =IF(OR(A13<$E$4,A13>$E$5),"Yes","No") -> No
A14: 63033 | B14: =IF(OR(A14<$E$4,A14>$E$5),"Yes","No") -> No
A15: 59354 | B15: =IF(OR(A15<$E$4,A15>$E$5),"Yes","No") -> No
A16: 17323 | B16: =IF(OR(A16<$E$4,A16>$E$5),"Yes","No") -> No
A17: 82800 | B17: =IF(OR(A17<$E$4,A17>$E$5),"Yes","No") -> No
A18: 41850 | B18: =IF(OR(A18<$E$4,A18>$E$5),"Yes","No") -> No
A19: 37760 | B19: =IF(OR(A19<$E$4,A19>$E$5),"Yes","No") -> No
A20: 76995 | B20: =IF(OR(A20<$E$4,A20>$E$5),"Yes","No") -> No
A21: 33812 | B21: =IF(OR(A21<$E$4,A21>$E$5),"Yes","No") -> No
A22: 37040 | B22: =IF(OR(A22<$E$4,A22>$E$5),"Yes","No") -> No
A23: 2447 | B23: =IF(OR(A23<$E$4,A23>$E$5),"Yes","No") -> No
A24: 58607 | B24: =IF(OR(A24<$E$4,A24>$E$5),"Yes","No") -> No
... A28: 53359 | B28: =IF(OR(A28<$E$4,A28>$E$5),"Yes","No") -> No
A29: ='Missing Values'!$F$5 -> 51381.5 | B29: =IF(OR(A29<$E$4,A29>$E$5),"Yes","No") -> No
A30: 38360 | B30: =IF(OR(A30<$E$4,A30>$E$5),"Yes","No") -> No
A31: 84618 | B31: =IF(OR(A31<$E$4,A31>$E$5),"Yes","No") -> No
A32: 10979 | B32: =IF(OR(A32<$E$4,A32>$E$5),"Yes","No") -> No
A33: 38620 | B33: =IF(OR(A33<$E$4,A33>$E$5),"Yes","No") -> No
A34: 40548 | B34: =IF(OR(A34<$E$4,A34>$E$5),"Yes","No") -> No
A35: 46610 | B35: =IF(OR(A35<$E$4,A35>$E$5),"Yes","No") -> No
A36: 68657 | B36: =IF(OR(A36<$E$4,A36>$E$5),"Yes","No") -> No
A37: 49389 | B37: =IF(OR(A37<$E$4,A37>$E$5),"Yes","No") -> No
A38: 67353 | B38: =IF(OR(A38<$E$4,A38>$E$5),"Yes","No") -> No
A39: 23718 | B39: =IF(OR(A39<$E$4,A39>$E$5),"Yes","No") -> No
A40: 42429 | B40: =IF(OR(A40<$E$4,A40>$E$5),"Yes","No") -> No
A41: 48948 | B41: =IF(OR(A41<$E$4,A41>$E$5),"Yes","No") -> No
... A44: 21994 | B44: =IF(OR(A44<$E$4,A44>$E$5),"Yes","No") -> No
A45: ='Missing Values'!$F$5 -> 51381.5 | B45: =IF(OR(A45<$E$4,A45>$E$5),"Yes","No") -> No
A46: 7500 | B46: =IF(OR(A46<$E$4,A46>$E$5),"Yes","No") -> No
A47: 79941 | B47: =IF(OR(A47<$E$4,A47>$E$5),"Yes","No") -> No
A48: 7500 | B48: =IF(OR(A48<$E$4,A48>$E$5),"Yes","No") -> No
A49: 41728 | B49: =IF(OR(A49<$E$4,A49>$E$5),"Yes","No") -> No
A50: ='Missing Values'!$F$5 -> 51381.5 | B50: =IF(OR(A50<$E$4,A50>$E$5),"Yes","No") -> No
A51: 72550 | B51: =IF(OR(A51<$E$4,A51>$E$5),"Yes","No") -> No
A52: 65486 | B52: =IF(OR(A52<$E$4,A52>$E$5),"Yes","No") -> No
A53: 79143 | B53: =IF(OR(A53<$E$4,A53>$E$5),"Yes","No") -> No
A54: 35790 | B54: =IF(OR(A54<$E$4,A54>$E$5),"Yes","No") -> No
A55: 82582 | B55: =IF(OR(A55<$E$4,A55>$E$5),"Yes","No") -> No
A56: 66373 | B56: =IF(OR(A56<$E$4,A56>$E$5),"Yes","No") -> No
A57: 82384 | B57: =IF(OR(A57<$E$4,A57>$E$5),"Yes","No") -> No
A58: 70287 | B58: =IF(OR(A58<$E$4,A58>$E$5),"Yes","No") -> No
A59: 27938 | B59: =IF(OR(A59<$E$4,A59>$E$5),"Yes","No") -> No
A60: ='Missing Values'!$F$5 -> 51381.5 | B60: =IF(OR(A60<$E$4,A60>$E$5),"Yes","No") -> No
A61: 55954 | B61: =IF(OR(A61<$E$4,A61>$E$5),"Yes","No") -> No
A62: 75777 | B62: =IF(OR(A62<$E$4,A62>$E$5),"Yes","No") -> No
A63: 66653 | B63: =IF(OR(A63<$E$4,A63>$E$5),"Yes","No") -> No
A64: 61823 | B64: =IF(OR(A64<$E$4,A64>$E$5),"Yes","No") -> No
A65: 67680 | B65: =IF(OR(A65<$E$4,A65>$E$5),"Yes","No") -> No
A66: 70666 | B66: =IF(OR(A66<$E$4,A66>$E$5),"Yes","No") -> No
A67: 25721 | B67: =IF(OR(A67<$E$4,A67>$E$5),"Yes","No") -> No
A68: 32474 | B68: =IF(OR(A68<$E$4,A68>$E$5),"Yes","No") -> No
A69: 88194 | B69: =IF(OR(A69<$E$4,A69>$E$5),"Yes","No") -> No
A70: 69096 | B70: =IF(OR(A70<$E$4,A70>$E$5),"Yes","No") -> No
A71: 74854 | B71: =IF(OR(A71<$E$4,A71>$E$5),"Yes","No") -> No
A72: 66991 | B72: =IF(OR(A72<$E$4,A72>$E$5),"Yes","No") -> No
A73: ='Missing Values'!$F$5 -> 51381.5 | B73: =IF(OR(A73<$E$4,A73>$E$5),"Yes","No") -> No
A74: 65031 | B74: =IF(OR(A74<$E$4,A74>$E$5),"Yes","No") -> No
A75: 60631 | B75: =IF(OR(A75<$E$4,A75>$E$5),"Yes","No") -> No
A76: 28332 | B76: =IF(OR(A76<$E$4,A76>$E$5),"Yes","No") -> No
A77: 40246 | B77: =IF(OR(A77<$E$4,A77>$E$5),"Yes","No") -> No
A78: 75251 | B78: =IF(OR(A78<$E$4,A78>$E$5),"Yes","No") -> No
A79: 75825 | B79: =IF(OR(A79<$E$4,A79>$E$5),"Yes","No") -> No
A80: 26326 | B80: =IF(OR(A80<$E$4,A80>$E$5),"Yes","No") -> No
A81: 56046 | B81: =IF(OR(A81<$E$4,A81>$E$5),"Yes","No") -> No
A82: 29760 | B82: =IF(OR(A82<$E$4,A82>$E$5),"Yes","No") -> No
A83: 26304 | B83: =IF(OR(A83<$E$4,A83>$E$5),"Yes","No") -> No
A84: 23559 | B84: =IF(OR(A84<$E$4,A84>$E$5),"Yes","No") -> No
A85: 38620 | B85: =IF(OR(A85<$E$4,A85>$E$5),"Yes","No") -> No
... A91: 54178 | B91: =IF(OR(A91<$E$4,A91>$E$5),"Yes","No") -> No
A92: ='Missing Values'!$F$5 -> 51381.5 | B92: =IF(OR(A92<$E$4,A92>$E$5),"Yes","No") -> No
A93: ='Missing Values'!$F$5 -> 51381.5 | B93: =IF(OR(A93<$E$4,A93>$E$5),"Yes","No") -> No
A94: ='Missing Values'!$F$5 -> 51381.5 | B94: =IF(OR(A94<$E$4,A94>$E$5),"Yes","No") -> No
A95: 42394 | B95: =IF(OR(A95<$E$4,A95>$E$5),"Yes","No") -> No
A96: 23626 | B96: =IF(OR(A96<$E$4,A96>$E$5),"Yes","No") -> No
A97: 30096 | B97: =IF(OR(A97<$E$4,A97>$E$5),"Yes","No") -> No
A98: 47916 | B98: =IF(OR(A98<$E$4,A98>$E$5),"Yes","No") -> No
A99: 51813 | B99: =IF(OR(A99<$E$4,A99>$E$5),"Yes","No") -> No
A100: 78497 | B100: =IF(OR(A100<$E$4,A100>$E$5),"Yes","No") -> No
A101: 50150 | B101: =IF(OR(A101<$E$4,A101>$E$5),"Yes","No") -> No
A102: 47823 | B102: =IF(OR(A102<$E$4,A102>$E$5),"Yes","No") -> No
A103: 34554 | B103: =IF(OR(A103<$E$4,A103>$E$5),"Yes","No") -> No
A104: 85693 | B104: =IF(OR(A104<$E$4,A104>$E$5),"Yes","No") -> No
A105: 65846 | B105: =IF(OR(A105<$E$4,A105>$E$5),"Yes","No") -> No
A106: 87195 | B106: =IF(OR(A106<$E$4,A106>$E$5),"Yes","No") -> No
... A129: 54348 | B129: =IF(OR(A129<$E$4,A129>$E$5),"Yes","No") -> No
A130: ='Missing Values'!$F$5 -> 51381.5 | B130: =IF(OR(A130<$E$4,A130>$E$5),"Yes","No") -> No
A131: 77376 | B131: =IF(OR(A131<$E$4,A131>$E$5),"Yes","No") -> No
A132: 62998 | B132: =IF(OR(A132<$E$4,A132>$E$5),"Yes","No") -> No
...

Sheet Questions
A1: Univariate
A2: Which age group of customers are willing to buy the product?
A3: Which income range of customers will be willing to buy the product?
A4: What is the maximum amount of sweets and amount of fruits sold?(Range can be identified)
A5: What is the pattern of the customers buying the products of ABC company with kids?
A6: What is the pattern of total purchases of the customers?
A8: Bivariate
A9: What is the correlation between the amount of fruits and sweets?
A10: What is the correlation between income and the amount spent on fruits/sweets?
A11: What is the correlation between income and total purchase?
A12: What is the correlation between Age and total purchases?
A13: What is the correlation between TotalKidsHome and the amount spent on sweets/fruits?
... A15: By using the box plot concept, we can find the correlation between education and the amount spent on sweets/fruits.

Sheet Univariate
B3: Values
A4: Age | B4: # | C4: Avg Income
A5: 29-38 | B5: 147 | C5: 48698.044
A6: 39-48 | B6: 459 | C6: 47773.485
A7: 49-58 | B7: 724 | C7: 50093.394
A8: 59-68 | B8: 487 | C8: 55316.521
A9: 69-78 | B9: 380 | C9: 57848.317
A10: 79-88 | B10: 40 | C10: 63923.637
A11: Grand Total | B11: 2237 | C11: 52227.408
A18: Count of Income
A19: Income | B19: Total
A20: 0-10000 | B20: 29
A21: 10000-20000 | B21: 98
A22: 20000-30000 | B22: 243
A23: 30000-40000 | B23: 362
A24: 40000-50000 | B24: 328
A25: 50000-60000 | B25: 338
A26: 60000-70000 | B26: 334
A27: 70000-80000 | B27: 291
A28: 80000-90000 | B28: 163
A29: 90000-100000 | B29: 41
A30: >100000 | B30: 13
A31: Grand Total | B31: 2240
A42: Count of Total Amount
A43: Total Amount | B43: Total
A44: 0-9 | B44: 825
A45: 10-19 | B45: 306
A46: 20-29 | B46: 182
A47: 30-39 | B47: 104
A48: 40-49 | B48: 83
A49: 50-59 | B49: 78
A50: 60-69 | B50: 68
A51: 70-79 | B51: 45
A52: 80-89 | B52: 52
A53: 90-99 | B53: 50
A54: Grand Total | B54: 1793
A60: Count of Total Purchases
A61: Total Purchases | B61: Total
A62: 0-2 | B62: 25
A63: 3-5 | B63: 610
A64: 6-8 | B64: 380
A65: 9-11 | B65: 371
A66: 12-14 | B66: 354
A67: 15-17 | B67: 303
A68: 18-20 | B68: 150
A69: 21-23 | B69: 42
A70: 24-27 | B70: 5
A71: Grand Total | B71: 2240
A77: Count of Total Kids
A78: Total Kids | B78: Total
A79: 0 | B79: 638
A80: 1 | B80: 1128
A81: 2 | B81: 421
A82: 3 | B82: 53
A83: Grand Total | B83: 2240
A89: Count of Education
A90: Education | B90: Total
A91: Graduation | B91: 1127
A92: PhD | B92: 486
A93: Master | B93: 370
A94: 2n Cycle | B94: 203
A95: Basic | B95: 54
A96: Grand Total | B96: 2240
A108: Count of Marital_Status
A109: Marital_Status | B109: Total
A110: Married | B110: 864
A111: Together | B111: 580
A112: Single | B112: 480
A113: Divorced | B113: 232
A114: Widow | B114: 77
A115: Grand Total | B115: 2233
A127: Count of Income (K)
A128: Income (K) | B128: Total
A129: 0-10 | B129: 29
A130: 10-20 | B130: 98
A131: 20-30 | B131: 243
A132: 30-40 | B132: 362
A133: 40-50 | B133: 328
A134: 50-60 | B134: 338
A135: 60-70 | B135: 334
A136: 70-80 | B136: 291
A137: 80-90 | B137: 163
A138: 90-100 | B138: 41
A139: Grand Total | B139: 2227
B148: Values
A149: Marital_Status | B149: Avg Kids | C149: Average of Income
A150: Divorced | B150: 1.0043103 | C150: 52834.228
A151: Together | B151: 0.97931034 | C151: 53223.037
A152: Married | B152: 0.96759259 | C152: 51722.196
A153: Single | B153: 0.87083333 | C153: 51002.591
A154: Widow | B154: 0.87012987 | C154: 56415.318
A155: Grand Total | B155: 0.95029109 | C155: 52234.708
A169: Sum of Total Kids
A170: Marital_Status | B170: Total
A171: Divorced | B171: 0.10980207
A172: Married | B172: 0.39396795
A173: Single | B173: 0.19698398
A174: Together | B174: 0.26767201
A175: Widow | B175: 0.031573987
A176: Grand Total | B176: 1
...

Sheet Bivariate
A1: CORRELATION
A2: Amt spend on fruits vs amt spent on sweets | B2: =CORREL(Customer!K2:K2241,Customer!L2:L2241) -> 0.56716394
A3: Income vs Total spending by customer | B3: =CORREL(Customer!E2:E2241,Customer!P2:P2241) -> 0.48859849
A4: Income vs Purchases | B4: =CORREL(Customer!E2:E2241,Customer!Q2:Q2241) -> 0.52933324
A5: Age vs Purchases | B5: =CORREL(Customer!O2:O2241,Customer!Q2:Q2241) -> 0.1567378
A6: Age vs Amount | B6: =CORREL(Customer!O2:O2241,Customer!P2:P2241) -> 0.020363795
A7: Kids vs amt spent | B7: =CORREL(Customer!R2:R2241,Customer!P2:P2241) -> -0.43929838
A23: Count of Marital_Status | B23: Marital_Status
A24: Education | B24: Divorced | C24: Married | D24: Single | E24: Together | F24: Widow | G24: Grand Total
A25: 2n Cycle | B25: 23 | C25: 81 | D25: 37 | E25: 57 | F25: 5 | G25: 203
A26: Basic | B26: 1 | C26: 20 | D26: 18 | E26: 14 | F26: 1 | G26: 54
A27: Graduation | B27: 119 | C27: 433 | D27: 252 | E27: 286 | F27: 35 | G27: 1125
A28: Master | B28: 37 | C28: 138 | D28: 75 | E28: 106 | F28: 12 | G28: 368
A29: PhD | B29: 52 | C29: 192 | D29: 98 | E29: 117 | F29: 24 | G29: 483
A30: Grand Total | B30: 232 | C30: 864 | D30: 480 | E30: 580 | F30: 77 | G30: 2233

Sheet Insights
A1: Univariate Analysis
A2: Age | B2: Most of customers are middle aged (49-58)
A3: Income | B3: 30k-80k
A4: Total amount | B4: Most of the customers spend $0-$9
A5: Total times purchased | B5: 3 to 5 times
A6: Kids | B6: Most of customers have 1 Kid
A7: Education | B7: Most of customers are graduated
A8: Marital Status | B8: Most of customers are married
A10: Bivariate
A11: Amt Fruits Vs Amt Sweets | B11: People who buy fruits, also tend to buy sweets (0.57 correlation)
A12: Income vs Amt spent | B12: With an increase in income, customers spend more (0.49 correl)
A13: Income vs Purchases | B13: With an increase in income, customers purchase more no of times (0.53 correl)
A14: Age vs Purchases | B14: Age does not impact no of purchases
A15: Age vs Total Amt | B15: No Impact
A16: Kids vs Total amt | B16: Less kids leads to more spending (-0.44 correl)

Sheet Dashboard
A1: 48-57 age, $30k to $80k, married and graduated people majorly become customers of ABC company Ltd.
A30: Total number of kids have impact on customers, average income doesn’t impact customer
A49: High customer count also result in higher purchase, which means customer count is correlated with purchase
A67: NEW PRODUCT LAUNCH
A68: For new product launch, we should target people with 0 total kids and also groups with higher income
A85: Currently, I already have customers who are
A86: 1. Middle aged
A87: 2. Married
A88: 3. Graduated
A89: 4. $30k to 80k
A91: Going forward, I will also target:
A92: 1. 0 Kids
A93: 2. Higher avg income

Sheet Sales
A1: ID | B1: MntFruits | C1: MntSweetProducts | D1: NumWebPurchases | E1: NumStorePurchases
A2: 4619 | B2: 2 | C2: 262 | D2: 27 | E2: 0
A3: 5255 | B3: 1 | C3: 263 | D3: 27 | E3: 0
A4: 10311 | B4: 4 | C4: 4 | D4: 25 | E4: 0
A5: 6237 | B5: 4 | C5: 2 | D5: 23 | E5: 1
A6: 7381 | B6: 153 | C6: 97 | D6: 11 | E6: 6
A7: 7966 | B7: 137 | C7: 22 | D7: 11 | E7: 11
A8: 4910 | B8: 134 | C8: 134 | D8: 11 | E8: 13
A9: 1951 | B9: 122 | C9: 129 | D9: 11 | E9: 8
A10: 7706 | B10: 104 | C10: 151 | D10: 11 | E10: 5
A11: 8931 | B11: 99 | C11: 149 | D11: 11 | E11: 10
A12: 1911 | B12: 97 | C12: 133 | D12: 11 | E12: 12
A13: 9743 | B13: 89 | C13: 35 | D13: 11 | E13: 8
... A2241: 2375 | B2241: 0 | C2241: 3 | D2241: 0 | E2241: 3
